"","alliance_group_name"
"1","[Norasia/CSAV](Wallem)"
"2","AAL Shipping"
"3","ACL"
"4","ACL/MOL"
"5","ACL/ONE/PIL(Mariana)/Samudera"
"6","ACL/PIL"
"7","ACL/RCL"
"8","Admiral(Arya Int'l)"
"9","Admiral(Arya Int’l)"
"10","Alianca(Seven Seas)"
"11","ANL(Ben)"
"12","ANL(Ben)/China Shipping/OOCL"
"13","ANL(Ben)/CSCL/OOCL"
"14","ANL(CMA CGM)"
"15","ANL(CMA CGM)/COSCO/CSCL/KL/MOL/NYK/OOCL"
"16","ANL(CMA CGM)/COSCO/OOCL"
"17","ANL(CMA CGM)/COSCO/OOCL/PIL"
"18","ANL(CMA CGM)/COSCO/OOCL/PIL(Mariana)"
"19","ANL(CMA CGM)/CSCL/OOCL"
"20","ANL(CMA CGM)/Djakarta Lloyd/Hapag/Maersk/ONE"
"21","ANL(CMA CGM)/OOCL/PIL"
"22","ANL/APL/COSCO/OOCL/PIL"
"23","ANL/APL/Djakarta Lloyd"
"24","ANL/APL/Djakarta Lloyd/NYK"
"25","ANL/APL/Djakarta Lloyd/NYK/PONL"
"26","ANL/APL/Hanjin"
"27","ANL/COSCO"
"28","ANL/COSCO/Hapag/OOCL"
"29","ANL/COSCO/OOCL/PIL(Mariana)"
"30","ANL/CSCL/Hanjin/Hapag/OOCL/UASC"
"31","ANL/CSCL/Hanjin/Hapag/RCL/UASC"
"32","ANL/Evergreen/Hapag/Hyundai"
"33","ANL/Hanjin"
"34","ANL/Hapag/Maersk/ONE"
"35","ANL/Hapag/OOCL/UASC"
"36","APL"
"37","APL(CMA CGM)"
"38","APL/Bengal Tiger Line"
"39","APL/Cheng Lie"
"40","APL/Cheng Lie(CMA CGM)"
"41","APL/CMA-CGM(Ben)/Hyundai/MOL"
"42","APL/CMA-CGM(Ben)/Hyundai/MOL/Norasia(Wallem)"
"43","APL/CMA-CGM(Ben)/Norasia(Wallem)"
"44","APL/CMA-CGM/Hapag"
"45","APL/CMA-CGM/Hyundai/MOL"
"46","APL/CMA CGM"
"47","APL/CMA CGM/COSCO"
"48","APL/CMA CGM/COSCO/Evergreen"
"49","APL/CMA CGM/COSCO/Evergreen/Hapag/OOCL"
"50","APL/CMA CGM/COSCO/Evergreen/OOCL"
"51","APL/CMA CGM/COSCO/Evergreen/OOCL/PIL"
"52","APL/CMA CGM/COSCO/Evergreen/OOCL/PIL(Mariana)"
"53","APL/CMA CGM/COSCO/Evergreen/PIL"
"54","APL/CMA CGM/COSCO/Evergreen/PIL(Mariama)/Yang Ming"
"55","APL/CMA CGM/COSCO/Evergreen/PIL/Yang Ming"
"56","APL/CMA CGM/COSCO/Hamburg Sud(Seven Seas)/Hapag/Hyundai/MSC"
"57","APL/CMA CGM/COSCO/Hamburg Sud/Hapag/ONE"
"58","APL/CMA CGM/COSCO/Hapag/MSC/ONE"
"59","APL/CMA CGM/COSCO/KL/RCL/Simatech/T.S. Lines"
"60","APL/CMA CGM/COSCO/OOCL"
"61","APL/CMA CGM/COSCO/RCL/Simatech/T.S. Lines"
"62","APL/CMA CGM/Hamburg Sud(Seven Seas)/Hapag/Hyundai/MSC"
"63","APL/CMA CGM/Hapag/Hyundai/MISC/MOL/NYK/OOCL"
"64","APL/CMA CGM/Hapag/MSC"
"65","APL/CMA CGM/Hapag/NYK/OOCL"
"66","APL/CMA CGM/Hyundai/MOL"
"67","APL/CMA CGM/Maersk"
"68","APL/COSCO/Evergreen/ONE/PIL(Mariana)/Wan Hai"
"69","APL/COSCO/Gold Star/KL/MOL/NYK/PIL"
"70","APL/COSCO/KMTC/RCL/Simatech/T.S. Lines"
"71","APL/COSCO/Maersk"
"72","APL/COSCO/OOCL"
"73","APL/Emirates Ship./OOCL"
"74","APL/Evergreen/Hamburg Sud(Seven Seas)/Hapag/Hyundai"
"75","APL/Evergreen/Hapag/Hyundai/MOL/NYK"
"76","APL/Evergreen/Hapag/KL/Yang Ming"
"77","APL/Evergreen/Hapag/ONE/Yang Ming"
"78","APL/Evergreen/Hyundai"
"79","APL/Evergreen/Hyundai/MOL"
"80","APL/FESCO(Trans Russia Ag)"
"81","APL/Gold Star/OOCL"
"82","APL/Gold Star/PIL"
"83","APL/Gold Star/RCL/OOCL"
"84","APL/Hamburg Sud(Seven Seas)/Hapag/Hyundai"
"85","APL/Hanjin"
"86","APL/Hanjin/Hapag/Hyundai/MISC/MOL/NYK/OOCL/UASC(Summit)"
"87","APL/Hanjin/Hapag/Hyundai/MOL/NYK/OOCL"
"88","APL/Hanjin/Hyundai/MOL/UASC(Summit)"
"89","APL/Hapag"
"90","APL/Hapag/Hyundai/MOL/NYK/OOCL"
"91","APL/Hapag/Hyundai/MOL/NYK/OOCL/Zim"
"92","APL/Hapag/Hyundai/MOL/OOCL"
"93","APL/Hapag/Hyundai/NYK/OOCL"
"94","APL/Hapag/MOL"
"95","APL/Hapag/MOL/OOCL"
"96","APL/Hapag/NYK"
"97","APL/Hyundai/MOL"
"98","APL/Lykes/TMM"
"99","APL/MOL"
"100","APL/MOL/[Norasia/CSAV]/OOCL"
"101","APL/MOL/NYK"
"102","APL/MOL/NYK/OOCL/PIL"
"103","APL/MOL/OOCL"
"104","APL/NYK/OOCL/PIL"
"105","APL/OOCL"
"106","APL/PIL(Mariana)"
"107","APL/PIL(Wallem)"
"108","APL/RCL"
"109","APL/T.S. Lines"
"110","APL/Wan Hai"
"111","APL/Yang Ming"
"112","Armacup"
"113","ASL(Sankyu)/EAS(Ben)"
"114","Austral Asia Line"
"115","Austral Asia Line(Hesco)"
"116","Bengal Tiger Line"
"117","Bengal Tiger Line/Hyundai"
"118","Bengal Tiger Line/Hyundai/TSK"
"119","Bengal Tiger Line/MOL/RCL"
"120","Bengal Tiger Line/OOCL"
"121","Bengal Tiger Line/Wan Hai"
"122","Bien Dong"
"123","Biendong"
"124","Biendong/MOL"
"125","Brointermed(Senwa)"
"126","C& Line"
"127","C& Line/Dong Young(Nam Sung)/Dongjin"
"128","C& Line/Heung-A/Sinokor"
"129","Camellia Line"
"130","Canmar/Lykes"
"131","CCL"
"132","CCL/JJSCO(Jin Jiang Shipping)"
"133","CCNI"
"134","CCNI(TMA)"
"135","CCNI(TMA)/CLAN(NMC)/Hamburg Sud(Seven Seas)Maruba(NMC)"
"136","CCNI(TMA)/Hamburg Sud(Seven Seas)"
"137","CCNI/CMA CGM/CSAV(Wallem)/CSCL/Hamburg Sud(Seven Seas)/Hanjin/Hyundai/MSC"
"138","CCNI/CMA CGM/CSCL/Hamburg Sud(Seven Seas)/Hanjin/Hyundai/MSC/[Norasia/CSAV](Wallem)"
"139","CCNI/CSCL/Hamburg Sud(Seven Seas)/Hanjin/Hyundai"
"140","CCNI/Hamburg Sud(Seven Seas)"
"141","CCNI/Hamburg Sud(Seven Seas)/MSC"
"142","CCNI/Hanjin/Hapag/Wan Hai/Zim"
"143","CCNI/Hanjin/Zim"
"144","Cheng Lie(Chuwa)"
"145","Cheng Lie(Chuwa)/CMA-CGM(Ben)/Yang Ming"
"146","Cheng Lie(Chuwa)/SEACON/Wan Hai"
"147","Cheng Lie(Chuwa)/T.S. Lines(Ben)"
"148","Cheng Lie(Chuwa)/T.S. Lines(Ben)/Yang Ming"
"149","Cheng Lie(Chuwa)/Yang Ming"
"150","Cheng Lie(Chuwa)/Yang MIng"
"151","Cheng Lie(CMA CGM)"
"152","Cheng Lie(CMA CGM)/COSCO"
"153","Cheng Lie(CMA CGM)/COSCO/Yang Ming"
"154","Cheng Lie(CMA CGM)/Heung-A"
"155","Cheng Lie(CMA CGM)/Heung-A/KMTC"
"156","Cheng Lie(CMA CGM)/Heung-A/STX Oan Ocean"
"157","Cheng Lie(CMA CGM)/Maersk"
"158","Cheng Lie(CMA CGM)/OOCL"
"159","Cheng Lie(CMA CGM)/STX Pan Ocean(Sigma)/Yang Ming"
"160","Cheng Lie(CMA CGM)/STX Pan Ocean/Yang Ming"
"161","Cheng Lie(CMA CGM)/T.S. Lines"
"162","Cheng Lie(CMA CGM)/T.S. Lines(Ben)"
"163","Cheng Lie(CMA CGM)/T.S. Lines(Ben)/Yang Ming"
"164","Cheng Lie(CMA CGM)/Yang Ming"
"165","Cheng Lie/COSCO/KMTC/T.S. Lines"
"166","Cheng Lie/COSCO/PIL"
"167","Cheng Lie/Gold Star/T.S. Lines/Yang Ming"
"168","Cheng Lie/Hyundai"
"169","Cheng Lie/Hyundai/Pan Ocean"
"170","Cheng Lie/RCL"
"171","Cheng Lie/Wan Hai"
"172","Cheng Lie/Yang Ming"
"173","China Express Line"
"174","China Shipping"
"175","China Shipping/CMA-CGM"
"176","China Shipping/CMA-CGM(Ben)"
"177","China Shipping/CMA-CGM(Ben)/Maruba(NMC)"
"178","China Shipping/Norasia/Zim"
"179","China Shipping/Zim"
"180","China Shipping/Zim(SSJ)"
"181","China United Lines"
"182","CHINJIF(Japan-China International Ferry)"
"183","CHINJIF(Japan China International Ferry)"
"184","Chongqing Marine(General)"
"185","CK Line"
"186","CK Line(CKM)"
"187","CK Line(CKM)/Dong Young(Nam Sung)"
"188","CK Line(CKM)/Dongjin"
"189","CK Line(CKM)/Dongjin/Nam Sung/PanCon(Asia Cargo)/Pan Ocean"
"190","CK Line(CKM)/Heung-A/Sinokor"
"191","CK Line(CKM)/HMM"
"192","CK Line(CKM)/Hyundai"
"193","CK Line(CKM)/KMTC"
"194","CK Line(CKM)/KMTC/Nam Sung"
"195","CK Line(CKM)/KMTC/Nam Sung/PanCon(Asia Cargo)"
"196","CK Line(CKM)/KMTC/Sinokor"
"197","CK Line(CKM)/Nam Sung"
"198","CK Line(CKM)/Nam Sung/PanCon"
"199","CK Line(CKM)/Nam Sung/PanCon(Asia Cargo)"
"200","CK Line(CKM)/Nam Sung/Sinokor"
"201","CK Line(CKM)/Sinokor"
"202","CK Line(CKM)/STX Pan Ocean"
"203","CK Line(CKM)/STX Pan Ocean(Sigma)"
"204","CK Line(CKM)/Tai Young(Daiei Shipping)"
"205","CK Line/Dongjin/Nam Sung/PanCon/Pan Ocean"
"206","CK Line/Heung-A(San Ei)/Sinokor"
"207","CK Line/Hyundai"
"208","CK Line/KMTC/Sinokor"
"209","CLAN(NMC)/Maruba(NMC)"
"210","CMA-CGM"
"211","CMA-CGM(Ben)"
"212","CMA-CGM(Ben)/China Shipping"
"213","CMA-CGM(Ben)/China Shipping/Norasia(Wallem)"
"214","CMA-CGM(Ben)/China Shipping/PONL"
"215","CMA-CGM(Ben)/CSAV(Wallem)"
"216","CMA-CGM(Ben)/CSCL"
"217","CMA-CGM(Ben)/CSCL/Maruba(NMC)"
"218","CMA-CGM(Ben)/Delmas"
"219","CMA-CGM(Ben)/Gold Star/Hanjin/Norasia"
"220","CMA-CGM(Ben)/Gold Star/Hanjin/Norasia(Wallem)"
"221","CMA-CGM(Ben)/LT"
"222","CMA-CGM(Ben)/Maruba(NMC)"
"223","CMA-CGM(Ben)/MSC"
"224","CMA-CGM(Ben)/MSC/Norasia(Wallem)"
"225","CMA-CGM(Ben)/Norasia(Wallem)"
"226","CMA-CGM/CSCL"
"227","CMA-CGM/Hapag"
"228","CMA-CGM/MSC"
"229","CMA-CGM/Norasia/Wan Hai"
"230","CMA CGM"
"231","CMA CGM/COSCO"
"232","CMA CGM/COSCO/Evergreen"
"233","CMA CGM/COSCO/Evergreen/Hamburd Sud(Seven Seas)/Hapag/Hyundai/NYK/Zim"
"234","CMA CGM/COSCO/Evergreen/Hamburd Sud(Seven Seas)/Hapag/NYK"
"235","CMA CGM/COSCO/Evergreen/OOCL"
"236","CMA CGM/COSCO/Evergreen/OOCL/PIL(Mariana)"
"237","CMA CGM/COSCO/Evergreen/PIL(Mariama)/Yang Ming"
"238","CMA CGM/COSCO/Evergreen/PIL(Mariana)"
"239","CMA CGM/COSCO/Evergreen/SEACON"
"240","CMA CGM/COSCO/Evergreen/UASC"
"241","CMA CGM/COSCO/Evergreen/Yang Ming"
"242","CMA CGM/COSCO/Gold Star/RCL/OOCL"
"243","CMA CGM/COSCO/Hamburg Sud(Seven Seas)/Hapag"
"244","CMA CGM/COSCO/Hamburg Sud(Seven Seas)/Hapag/Hyundai/MSC"
"245","CMA CGM/COSCO/Hamburg Sud(Seven Seas)/Hapag/ONE"
"246","CMA CGM/COSCO/Hapag/MSC"
"247","CMA CGM/COSCO/Hapag/MSC/ONE"
"248","CMA CGM/COSCO/KMTC/RCL/Simatech/T.S. Lines"
"249","CMA CGM/COSCO/Maersk"
"250","CMA CGM/COSCO/Maersk/NileDutch"
"251","CMA CGM/COSCO/Maersk/NileDutch/PIL(Mariana)"
"252","CMA CGM/COSCO/OOCL"
"253","CMA CGM/COSCO/PIL/UASC"
"254","CMA CGM/COSCO/UASC"
"255","CMA CGM/COSCO/UASC/Yang Ming"
"256","CMA CGM/CSAV(Wallem)"
"257","CMA CGM/CSAV(Wallem)/CSCL"
"258","CMA CGM/CSAV(Wallem)/CSCL/Hamburg Sud(Seven Seas)/Hanjin/Maersk"
"259","CMA CGM/CSAV(Wallem)/CSCL/Hamburg Sud(Seven Seas)/Maersk"
"260","CMA CGM/CSAV(Wallem)/CSCL/MSC"
"261","CMA CGM/CSAV(Wallem)/MSC"
"262","CMA CGM/CSCL"
"263","CMA CGM/CSCL/[Norasia/CSAV](Wallem)"
"264","CMA CGM/CSCL/Evergreen"
"265","CMA CGM/CSCL/Hamburg Sud(Seven Seas)/Hanjin/Maersk"
"266","CMA CGM/CSCL/Hamburg Sud(Seven Seas)/Hanjin/Maersk/[Norasia/CSAV](Wallem)"
"267","CMA CGM/CSCL/Hamburg Sud(Seven Seas)/Hapag"
"268","CMA CGM/CSCL/Hamburg Sud(Seven Seas)/Hapag/NYK/UASC(Summit)"
"269","CMA CGM/CSCL/Hamburg Sud/UASC"
"270","CMA CGM/CSCL/Hanjin/Hyundai"
"271","CMA CGM/CSCL/Hanjin/UASC(Summit)"
"272","CMA CGM/CSCL/Hanjin/Yang Ming"
"273","CMA CGM/CSCL/Hanjin/Yang Ming/UASC(Summit)"
"274","CMA CGM/CSCL/Hapag"
"275","CMA CGM/CSCL/KL/Maruba(Global Maritime)"
"276","CMA CGM/CSCL/KL/Maruba(NMC)"
"277","CMA CGM/CSCL/Maruba(Global Maritime)"
"278","CMA CGM/CSCL/Maruba(NMC)"
"279","CMA CGM/CSCL/OOCL/PIL"
"280","CMA CGM/CSCL/PIL/UASC(Summit)/Yang Ming"
"281","CMA CGM/CSCL/UASC"
"282","CMA CGM/CSCL/UASC(Summit)"
"283","CMA CGM/CSCL/UASC(Summit)/Yang Ming"
"284","CMA CGM/Delmas"
"285","CMA CGM/Delmas(CMA CGM)"
"286","CMA CGM/Delmas(CMA CGM)/Emirates Ship."
"287","CMA CGM/Delmas(CMA CGM)/Maersk"
"288","CMA CGM/Delmas(CMA CGM)/Maersk/Safmarine"
"289","CMA CGM/Delmas(CMA CGM)/MOL"
"290","CMA CGM/Emirates Ship.(HASCO)"
"291","CMA CGM/Evergreen"
"292","CMA CGM/Evergreen/Hamburg Sud(Seven Seas)/Hapag/Hyundai/ONE/Zim"
"293","CMA CGM/FESCO(Trans Russia Ag)"
"294","CMA CGM/FESCO(Trans Russia Ag)/HMM"
"295","CMA CGM/FESCO(Trans Russia Ag)/Hyundai"
"296","CMA CGM/Hamburd Sud(Seven Seas)/Hapag/Hyundai/NYK/UASC"
"297","CMA CGM/Hamburg Sud"
"298","CMA CGM/Hamburg Sud(Seven Seas)/Hapag"
"299","CMA CGM/Hamburg Sud(Seven Seas)/Hapag/Hyundai/MSC"
"300","CMA CGM/Hamburg Sud(Seven Seas)/Hapag/Hyundai/NYK/Zim"
"301","CMA CGM/Hamburg Sud/Hapag"
"302","CMA CGM/Hanjin/UASC(Summit)"
"303","CMA CGM/Hapag"
"304","CMA CGM/Hapag/NYK/OOCL"
"305","CMA CGM/Hapag/ONE/OOCL"
"306","CMA CGM/Hyundai/KMTC/PEL/SCI"
"307","CMA CGM/Hyundai/Maersk"
"308","CMA CGM/Maersk"
"309","CMA CGM/Maersk/MSC"
"310","CMA CGM/Maersk/Safmarine"
"311","CMA CGM/MSC"
"312","CMA CGM/MSC/[Norasia/CSAV](Wallem)"
"313","CMA CGM/MSC/UASC"
"314","CMA CGM/MSC/UASC(Summit)"
"315","CMA CGM/OOCL"
"316","CMA CGM/UASC"
"317","CMA CGM/UASC(Summit)"
"318","COSCO"
"319","Cosco Shipping(Cosco-Toho)"
"320","COSCO/CSCL"
"321","COSCO/CSCL/PIL(Mariana)/Wan Hai"
"322","COSCO/CSCL/PIL(Wallem)/Wan Hai"
"323","COSCO/Emirates Ship.(HASCO)/KMTC/T.S. Lines"
"324","COSCO/Evergreen"
"325","COSCO/Evergreen/Gold Star(Zim)/ONE/OOCL/PIL(Mariana)"
"326","COSCO/Evergreen/Hanjin/KL"
"327","COSCO/Evergreen/Hanjin/KL/Yang Ming"
"328","COSCO/Evergreen/Hanjin/Zim"
"329","COSCO/Evergreen/Hapag"
"330","COSCO/Evergreen/Hapag/ONE/PIL/Simatech/T.S. Lines/Yang Ming"
"331","COSCO/Evergreen/Interasia/ONE/Wan Hai"
"332","COSCO/Evergreen/ITS"
"333","COSCO/Evergreen/KL/MOL/PIL"
"334","COSCO/Evergreen/KL/MOL/PIL(Mariana)"
"335","COSCO/Evergreen/KL/PIL(Mariana)/Wan Hai"
"336","COSCO/Evergreen/KL/Yang Ming"
"337","COSCO/Evergreen/KMTC/Simatech"
"338","COSCO/Evergreen/LT"
"339","COSCO/Evergreen/MOL"
"340","COSCO/Evergreen/ONE/PIL(Mariana)"
"341","COSCO/Evergreen/ONE/PIL(Mariana)/Wan Hai"
"342","COSCO/Evergreen/OOCL"
"343","COSCO/Evergreen/OOCL/Simatech"
"344","COSCO/Evergreen/PIL(Mariana)"
"345","COSCO/Evergreen/PIL(Mariana)/Wan Hai"
"346","COSCO/Evergreen/PIL(Mariana)/Wan Hai/Yang Ming"
"347","COSCO/Evergreen/PIL(Mariana)/Yang Ming"
"348","COSCO/Evergreen/PIL(Wallem)"
"349","COSCO/Evergreen/PIL(Wallem)/Wan Hai"
"350","COSCO/Evergreen/PIL/Wan Hai"
"351","COSCO/Evergreen/Samudera/Yang Ming"
"352","COSCO/Evergreen/SEACON"
"353","COSCO/Evergreen/Simatech"
"354","COSCO/Evergreen/Zim"
"355","COSCO/Gold Star"
"356","COSCO/Gold Star(Zim)/MOL"
"357","COSCO/Gold Star(Zim)/ONE"
"358","COSCO/Gold Star(Zim)/ONE/OOCL"
"359","COSCO/Gold Star/HMM/Yang Ming"
"360","COSCO/Gold Star/KL/MOL/NYK/PIL"
"361","COSCO/Gold Star/OOCL"
"362","COSCO/Gold Star/PIL"
"363","COSCO/Gold Star/PIL(Wallem)"
"364","COSCO/Gold Star/Yang Ming"
"365","COSCO/Hamburg Sud(Seven Seas)/Hapag/Maersk/MOL/NYK"
"366","COSCO/Hamburg Sud(Seven Seas)/Hapag/MOL/NYK"
"367","COSCO/Hamburg Sud(Seven Seas)/Maersk/ONE"
"368","COSCO/Hamburg Sud(Seven Seas)/Maersk/ONE/Sealand Asia"
"369","COSCO/Hanjin"
"370","COSCO/Hanjin/KL"
"371","COSCO/Hanjin/KL/MOL/Yang Ming"
"372","COSCO/Hanjin/KL/Senator/Yang Ming"
"373","COSCO/Hanjin/KL/Yang Ming"
"374","COSCO/Hanjin/KL/Yang Ming/Evergreen"
"375","COSCO/Hapag/OOCL"
"376","COSCO/Interasia"
"377","COSCO/Interasia/ONE/OOCL/Wan Hai"
"378","COSCO/Interasia/OOCL/Wan Hai"
"379","COSCO/Interasia/Wan Hai"
"380","COSCO/Interasia/Yang Ming"
"381","COSCO/KL/MOL/NYK/PONL"
"382","COSCO/KL/PIL(Mariana)/SCI/Simatech/Wan Hai"
"383","COSCO/KL/PIL(Mariana)/Wan Hai"
"384","COSCO/KL/Wan Hai"
"385","COSCO/KL/Yang Ming"
"386","COSCO/KMTC(CMC)"
"387","COSCO/KMTC/T.S. Lines"
"388","COSCO/Maersk"
"389","COSCO/Maersk/MOL/NYK"
"390","COSCO/MOL/NYK/PONL"
"391","COSCO/ONE/RCL/SEACON/X-press Feeders"
"392","COSCO/OOCL"
"393","COSCO/OOCL/PIL"
"394","COSCO/OOCL/TSK"
"395","COSCO/OOCL/Wan Hai"
"396","COSCO/PIL(Mariana)"
"397","COSCO/PIL/Wan Hai"
"398","COSCO/PIL/Wan Hai/Yang Ming"
"399","COSCO/RCL"
"400","COSCO/Sinotrans"
"401","COSCO/SITC"
"402","COSCO/SYMS(Sankyu Shipping)"
"403","COSCO/TSK"
"404","COSCO/Wan Hai"
"405","COSCO/X-press Feeders"
"406","COSCO/Yang Ming"
"407","Crocodile Line(Senwa)/New Guinea Pacific Line(Senwa)"
"408","CSAV"
"409","CSAV Norasia"
"410","CSAV Norasia(Wallem)"
"411","CSAV Norasia(Wallem)/Gold Star"
"412","CSAV Norasia(Wallem)/Gold Star/Hanjin"
"413","CSAV Norasia(Wallem)/Hapag"
"414","CSAV Norasia/Gold Star"
"415","CSAV Norasia/Hanjin/UASC"
"416","CSAV Norasia/MSC"
"417","CSAV Norasia/Sinotrans/Wan Hai"
"418","CSAV(Wallem)"
"419","CSAV(Wallem)/MSC"
"420","CSCL"
"421","CSCL/Evergreen"
"422","CSCL/Evergreen/UASC"
"423","CSCL/Evergreen/Zim"
"424","CSCL/Gold Star(Zim)"
"425","CSCL/Hanjin/KL/Yang Ming"
"426","CSCL/Hanjin/Yang Ming/UASC(Summit)"
"427","CSCL/Hapag/Hyundai/UASC"
"428","CSCL/Hapag/KL"
"429","CSCL/Hapag/KL/NYK"
"430","CSCL/Hapag/Maruba(Global Maritime)"
"431","CSCL/Hapag/Maruba(NMC)"
"432","CSCL/Hapag/NYK"
"433","CSCL/IRISL(Ben)"
"434","CSCL/KL/PIL(Wallem)/Yang Ming/Wan Hai"
"435","CSCL/KL/PIL/Yang Ming/Wan Hai"
"436","CSCL/KL/Yang Ming/Zim"
"437","CSCL/Onto(Mitsui-Soko)"
"438","CSCL/PIL(Mariana)"
"439","CSCL/PIL/UASC"
"440","CSCL/UASC"
"441","CSCL/UASC(Summit)"
"442","CSCL/UASC(Summit)/Yang Ming"
"443","CSCL/UASC/Yang Ming"
"444","CSCL/Zim"
"445","Daiichi Chuo"
"446","Daiko"
"447","Dandong Int'l Container(Oji Kubiki)"
"448","Dandong Intﾕl Container(Oji Kubiki)"
"449","DBLCC(Sumitomo Soko)"
"450","DBR(Ben)"
"451","DCL"
"452","Delmas"
"453","Delmas(CMA CGM)"
"454","Delmas(CMA CGM)/MOL"
"455","Delmas(Oyang Shipping)"
"456","Delmas/Gold Star(SSJ)"
"457","Delmas/MOL"
"458","Delmas/MOL/PONL"
"459","Djakarta L.(ECL)/Karana(ECL)"
"460","Dong Young(Nam Sung)"
"461","Dong Young(Nam Sung)/Nam Sung"
"462","Dong Young(Navix Namsung)"
"463","Dong Young(Navix Namsung)/Nam Sung(Navix Namsung)"
"464","Dongjin"
"465","Dongjin/Dong Young(Nam Sung)/Heung-A"
"466","Dongjin/Dong Young(Nam Sung)/Heung-A(San Ei)"
"467","Dongjin/Dong Young(Nam Sung)/HEUNG A(Sinokor)"
"468","Dongjin/Heung-A"
"469","Dongjin/Heung-A(San Ei)"
"470","Dongjin/HEUNG A(Sinokor)"
"471","Dongjin/Nam Sung"
"472","Dongjin/Nam Sung/Sinokor"
"473","Dongjin/Sinokor"
"474","Dongnama"
"475","Dongnama(Seven Mountain)"
"476","Dongnama/Hanjin/Heung-A/Sinokor"
"477","Dongnama/Hanjin/Sinokor"
"478","Dongnama/Heung-A/Sinokor"
"479","Dongnama/KL/MISC/PIL/SCI"
"480","Dongnama/Sinokor"
"481","Doriko(Naigai Trans Lines/Global Maritime)"
"482","DTS(Nissin)"
"483","Eastern(ESL Japan)"
"484","ECL"
"485","ECL(Karana)"
"486","ECL(New Star)"
"487","EIL(K Line)"
"488","EIL(KL)"
"489","EIL(TMA)"
"490","Emirates Ship."
"491","Emirates Ship.(HASCO)/Evergreen/Gold Star(Zim)/KMTC/PEN"
"492","Emirates Ship.(HASCO)/Hyundai"
"493","Emirates Ship.(HASCO)/KMTC"
"494","Emirates Ship.(HASCO)/KMTC/RCL"
"495","Emirates Ship.(Mitsui-Soko)/Zim"
"496","Emirates Ship./Evergreen/MacAndrews/SCI/Zim"
"497","Emirates Ship./Hanjin/KMTC/RCL"
"498","Emirates Ship./Hapag/RCL"
"499","Emirates Ship./OOCL"
"500","Emirates Ship./SCI/T.S. Lines"
"501","Emirates Ship./T.S. Lines"
"502","Emirates Ship./T.S. Lines(Ben)"
"503","Emirates Shipping/MacAndrews/SCI/Zim"
"504","Emirates Shipping/SCI/T.S. Lines(Ben)"
"505","Emirates Shipping/Zim(SSJ)"
"506","Ethiopian SL(Eagle Shipping)"
"507","Ethiopian SL(Senwa)"
"508","Eukor"
"509","Everett(New Star)"
"510","Evergreen"
"511","Evergreen/Gold Star/KMTC/PEL"
"512","Evergreen/Gold Star/KMTC/PEN"
"513","Evergreen/Hamburg Sud/Simatech"
"514","Evergreen/Hanjin"
"515","Evergreen/Hanjin/Hapag"
"516","Evergreen/Hanjin/ITS/RCL"
"517","Evergreen/Hanjin/LT/RCL"
"518","Evergreen/Hanjin/NYK"
"519","Evergreen/Hanjin/NYK/X-press Feeders"
"520","Evergreen/Hanjin/Simatech"
"521","Evergreen/Hanjin/UASC(Summit)"
"522","Evergreen/Hapag/HMM/ONE"
"523","Evergreen/Hapag/HMM/ONE/Yang Ming"
"524","Evergreen/Hapag/KL/NYK/PIL/Simatech/T.S. Lines/Yang Ming"
"525","Evergreen/Hapag/KL/NYK/Simatech/T.S. Lines/Yang Ming"
"526","Evergreen/Hapag/KL/Simatech/T.S. Lines/Yang Ming"
"527","Evergreen/Hapag/KL/Simatech/Yang Ming"
"528","Evergreen/Hapag/Sinotrans/T.S. Lines/Yang Ming"
"529","Evergreen/Hapag/Wan Hai"
"530","Evergreen/Hatsu Marine/ITS"
"531","Evergreen/Interasia/Wan Hai"
"532","Evergreen/ITS"
"533","Evergreen/ITS/Hatsu Marine"
"534","Evergreen/KL/MISC/SCI/Yang Ming/Zim"
"535","Evergreen/KL/MOL/NYK/OOCL"
"536","Evergreen/KL/MOL/OOCL/Yang Ming"
"537","Evergreen/LT"
"538","Evergreen/LT/Hatsu Marine"
"539","Evergreen/MOL"
"540","Evergreen/MOL/SCI/SEACON"
"541","Evergreen/MOL/SEACON"
"542","Evergreen/ONE/Simatech/T.S. Lines"
"543","Evergreen/OOCL/SCI/SEACON"
"544","Evergreen/OOCL/Simatech"
"545","Evergreen/OOCL/Yang Ming"
"546","Evergreen/PIL/Sinotrans/T.S. Lines/Yang Ming"
"547","Evergreen/PIL/Sinotrans/Yang Ming"
"548","Evergreen/PIL/T.S. Lines/Yang Ming"
"549","Evergreen/Samudera"
"550","Evergreen/Samudera/STX Pan Ocean(Sigma)/T.S. Lines/Yang Ming"
"551","Evergreen/Samudera/STX Pan Ocean(Sigma)/Yang Ming"
"552","Evergreen/SCI/SEACON"
"553","Evergreen/Simatech/Wan Hai"
"554","Evergreen/Wan Hai"
"555","Evergreen/Wan Hai/Yang Ming"
"556","Evergreen/Yang Ming"
"557","Evergreen/Zim"
"558","Fair Wind Shipping(Daiichi Koun)"
"559","Feedertech/HEUNG A/Interasia/Sinokor/Wan Hai"
"560","FESCO(Trans Russia Ag)"
"561","FESCO(Trans Russia Ag)/MOL"
"562","Fujian Shipping Co.(Koyo)"
"563","G2 Ocean(Mitsui-Soko)"
"564","GCS(Sankyu Shipping)"
"565","GCS(Sankyu Shipping)/RCL(Mitsui-Soko)"
"566","Geneq"
"567","GENEQ"
"568","Geneq/Goto(Zuiyo Kaiun)"
"569","Geneq/Onto(Mitsui-Soko)"
"570","Geneq/TSK"
"571","Gesuri(Toko)"
"572","Gold Star"
"573","Gold Star(SSJ)"
"574","Gold Star(Zim)"
"575","Gold Star(Zim)/Hapag"
"576","Gold Star(Zim)/Hapag/ONE"
"577","Gold Star(Zim)/KMTC/T.S. Lines/Yang Ming"
"578","Gold Star(Zim)/Maersk"
"579","Gold Star(Zim)/OOCL/Yang Ming"
"580","Gold Star/Golden Sea Shipping"
"581","Gold Star/Golden Sea Shipping/OOCL"
"582","Gold Star/Hamburg Sud(Seven Seas)/OOCL/RCL"
"583","Gold Star/HASCO"
"584","Gold Star/HASCO(SSA)"
"585","Gold Star/Hyundai"
"586","Gold Star/Hyundai/T.S. Lines"
"587","Gold Star/JJSCO"
"588","Gold Star/KMTC"
"589","Gold Star/KMTC(CMC)/Sinokor"
"590","Gold Star/KMTC/RCL/SM Line/T.S. Lines"
"591","Gold Star/KMTC/Sinokor"
"592","Gold Star/KMTC/SITC Lines"
"593","Gold Star/MOL/PIL"
"594","Gold Star/PDZ"
"595","Gold Star/PIL"
"596","Gold Star/PIL/PONL"
"597","Gold Star/SITC Lines"
"598","Gold Star/SYMS"
"599","Gold Star/T.S. Lines"
"600","Gold Star/T.S. Lines(Ben)"
"601","Gold Star/Yang Ming"
"602","Goto(Zuiyo Kaiun)"
"603","Goto(Zuiyo)"
"604","GPL(Mikasa Maritime)"
"605","Great Western"
"606","Hainan/T.S. Lines"
"607","Hainan/T.S. Lines(Ben)"
"608","Hamburg Sud(Seven Seas)"
"609","Hamburg Sud(Seven Seas) /Hapag/Hyundai/SYMS"
"610","Hamburg Sud(Seven Seas) /Hapag/Tasman(Hesco)"
"611","Hamburg Sud(Seven Seas)/Hapag/Hyundai/SYMS"
"612","Hamburg Sud(Seven Seas)/Hapag/Tasman(Hesco)"
"613","Hamburg Sud(Seven Seas)/Interasia/Wan Hai"
"614","Hamburg Sud(Seven Seas)/Maersk"
"615","Hamburg Sud(Seven Seas)/Maersk/MOL/MSC"
"616","Hamburg Sud(Seven Seas)/Maersk/MSC"
"617","Hamburg Sud(Seven Seas)/Maersk/MSC/ONE"
"618","Hamburg Sud(Seven Seas)/Maersk/NYK"
"619","Hamburg Sud(Seven Seas)/Maersk/Safmarine"
"620","Hamburg Sud(Seven Seas)/NYK"
"621","Hamburg Sud(Seven Seas)/OOCL/RCL"
"622","Hamburg Sud(Seven Seas)/OOCL/RCL(Mitsui-Soko)"
"623","Hamburg Sud(Seven Seas)/SEACON"
"624","Hamburg Sud(Seven Ses)/RCL(Mitsui-Soko)/SEACON/Wan Hai"
"625","Hamburg Sud/Hapag"
"626","Hamburg Sud/Hapag/[Norasia/CSAV]"
"627","Hanjin"
"628","Hanjin/Hapag/NYK/OOCL"
"629","Hanjin/Heung-A"
"630","Hanjin/Heung-A(San Ei)"
"631","Hanjin/Heung-A(San Ei)/Sinotrans/STX Pan Ocean(Sigma)"
"632","Hanjin/Heung-A/Sinokor/STX Pan Ocean"
"633","Hanjin/Hyundai/UASC(Summit)/Yang Ming"
"634","Hanjin/KL"
"635","Hanjin/KL/OOCL/RCL(Mitsui-Soko)"
"636","Hanjin/KL/PIL"
"637","Hanjin/KL/PIL(Wallem)/RCL/SCI"
"638","Hanjin/KL/PIL(Wallem)/SCI"
"639","Hanjin/KL/PIL/SCI"
"640","Hanjin/KL/RCL(Mitsui-Soko)"
"641","Hanjin/KL/Senator/Yang Ming"
"642","Hanjin/KL/UASC/Yang Ming"
"643","Hanjin/KL/Yang Ming"
"644","Hanjin/KMTC"
"645","Hanjin/KMTC(CMC)/STX Pan Ocean(Sigma)"
"646","Hanjin/KMTC/STX Pan Ocean"
"647","Hanjin/KMTC/T.S. Lines"
"648","Hanjin/MOL/Senator/UASC"
"649","Hanjin/MOL/Senator/UASC(Summit)"
"650","Hanjin/MOL/UASC"
"651","Hanjin/NYK"
"652","Hanjin/NYK/OOCL"
"653","Hanjin/RCL"
"654","Hanjin/Samudera"
"655","Hanjin/Senator"
"656","Hanjin/Senator/UASC"
"657","Hanjin/Senator/UASC(Summit)"
"658","Hanjin/Simatech/T.S. Lines"
"659","Hanjin/Simatech/T.S. Lines/Yang Ming"
"660","Hanjin/Sinokor/STX Pan Ocean(Sigma)"
"661","Hanjin/Sinotrans"
"662","Hanjin/Sinotrans/STX Pan Ocean(Sigma)"
"663","Hanjin/Sinotrans/STX Pan Ocean(Sigma)/Yang Ming"
"664","Hanjin/Sinotrans/STX Pan Ocean/Yang Ming"
"665","Hanjin/Sinotrans/T.S. Lines/Yang Ming"
"666","Hanjin/STX Pan Ocean"
"667","Hanjin/STX Pan Ocean(Sigma)"
"668","Hanjin/STX Pan Ocean(Sigma)/Sinokor"
"669","Hanjin/UASC"
"670","Hanjin/UASC(Summit)"
"671","Hanjin/Wan Hai"
"672","Hanjin/Yang Ming"
"673","Hanjin/Yang MIng"
"674","Hapag"
"675","Hapag/HMM/MSC/ONE"
"676","Hapag/HMM/ONE/Yang Ming"
"677","Hapag/Hyundai/KL/Wan Hai"
"678","Hapag/Hyundai/MOL"
"679","Hapag/Hyundai/MOL/NYK/OOCL"
"680","Hapag/Hyundai/MSC/ONE"
"681","Hapag/Hyundai/NYK/OOCL"
"682","Hapag/Hyundai/NYK/OOCL/Zim"
"683","Hapag/Hyundai/RCL(Mitsui-Soko)/TSK"
"684","Hapag/KL/MOL/NYK/OOCL"
"685","Hapag/KL/MOL/NYK/Yang Ming"
"686","Hapag/KL/NYK"
"687","Hapag/MISC/NYK/OOCL"
"688","Hapag/MISC/NYK/OOCL/PONL"
"689","Hapag/MOL"
"690","Hapag/MOL/NYK"
"691","Hapag/MOL/NYK/Yang Ming"
"692","Hapag/MOL/Zim"
"693","Hapag/MSC/ONE"
"694","Hapag/Norasia"
"695","Hapag/NYK"
"696","Hapag/NYK/OOCL"
"697","Hapag/NYK/OOCL/PONL"
"698","Hapag/NYK/OOCL/Zim"
"699","Hapag/NYK/Wan Hai/X-press Feeders"
"700","Hapag/NYK/Wan Hai/X-press Feeders/Yang Ming"
"701","Hapag/NYK/X-press Feeders/Yang Ming"
"702","Hapag/ONE"
"703","Hapag/ONE/OOCL"
"704","Hapag/ONE/Wan Hai/Yang Ming"
"705","Hapag/ONE/Yang Ming"
"706","Hapag/OOCL"
"707","Hapag/OOCL/PONL"
"708","Hapag/RCL"
"709","Hapag/RCL(Mitsui-Soko)"
"710","Hapag/RCL/TSK"
"711","Hapag/Samudera/TSK"
"712","Hapag/Wan Hai"
"713","Hapag/Wan Hai/Yang Ming"
"714","HASCO"
"715","HASCO(SSA)"
"716","HASCO/JJSCO(Jin Jiang Shipping)"
"717","HASCO/SITC"
"718","HDASCO(Atlas)"
"719","HDS Lines(Atlas Shipping)"
"720","HDS Lines(Ben)"
"721","Hede(Nittsu)"
"722","Heung-A"
"723","Heung-A(San Ei)"
"724","Heung-A(San Ei)/KMTC"
"725","Heung-A(San Ei)/KMTC(CMC)"
"726","Heung-A(San Ei)/KMTC/Sinokor"
"727","Heung-A(San Ei)/KMTC/T.S. Lines"
"728","Heung-A(San Ei)/Sinokor"
"729","Heung-A(San Ei)/Sinokor/T.S. Lines"
"730","Heung-A(San Ei)/Sinokor/T.S. Lines(Ben)"
"731","Heung-A(San Ei)/STX Pan Ocean"
"732","Heung-A(San Ei)/STX Pan Ocean(Sigma)"
"733","Heung-A/Hyundai/KMTC/Sinokor"
"734","Heung-A/KMTC"
"735","Heung-A/KMTC/Sinokor"
"736","Heung-A/KMTC/T.S. Lines"
"737","Heung-A/Nam Sung"
"738","Heung-A/Sinokor"
"739","Heung-A/STX Pan Ocean"
"740","HEUNG A(Sinokor)"
"741","HEUNG A(Sinokor)/KMTC"
"742","HEUNG A(Sinokor)/KMTC/Sinokor"
"743","HEUNG A(Sinokor)/Nam Sung"
"744","HEUNG A(Sinokor)/Sinokor"
"745","HMM"
"746","HMM/KMTC"
"747","HMM/KMTC/Sinokor"
"748","HMM/KMTC/T.S. Lines"
"749","Hoegh Autoliners"
"750","HUAL"
"751","Hub Line"
"752","Hub Line(San Ei)"
"753","Hyoki(ESL Japan)"
"754","Hyundai"
"755","Hyundai/KL/NYK/PIL"
"756","Hyundai/KL/NYK/PIL(Wallem)"
"757","Hyundai/KMTC"
"758","Hyundai/KMTC/Sinokor"
"759","Hyundai/KMTC/T.S. Lines"
"760","Hyundai/MCC Transport"
"761","Hyundai/MOL"
"762","Hyundai/NYK"
"763","Hyundai/NYK/SPIC(YCS)"
"764","Hyundai/RCL(Mitsui-Soko)/STX Pan Ocean(Sigma)"
"765","Hyundai/Simatech/T.S. Lines"
"766","Hyundai/Sinokor"
"767","Hyundai/SPIC(United Maritime)/TSK"
"768","Hyundai/SPIC(United)/TSK"
"769","Hyundai/SPIC(YCS)/TSK"
"770","Hyundai/T.S. Lines"
"771","Hyundai/T.S. Lines(Ben)"
"772","Hyundai/TSK"
"773","I-Line"
"774","IAL/Wan Hai"
"775","Iino Koun"
"776","Interasia"
"777","Interasia/MOL/PIL/Wan Hai"
"778","Interasia/OOCL/Wan Hai"
"779","Interasia/Sealand Asia/Wan Hai"
"780","Interasia/Wan Hai"
"781","Interasia/Wan Hai/Yang Ming"
"782","Intermarine(Nissin)"
"783","IRISL(Ben)"
"784","ITS"
"785","ITS/Zim(SSJ)"
"786","Izumi"
"787","Japan Nakhodka Line"
"788","Ji Zhou Shipping(Koyo)"
"789","JJSCO(Jin Jiang Shipping)"
"790","JJSCO(Jin Jiang Shipping)/Sinotrans/SITC"
"791","JJSCO(Jin Jiang Shipping)/TCLC(Sankyu)"
"792","Jutha(Ben)"
"793","Kambara Kisen"
"794","Kampu Ferry(Kanko Kisen)"
"795","Karana(ECL)"
"796","Kestrel Liner Agencies [Tropical] (Ben)"
"797","KL"
"798","KL Kinkai"
"799","KL/MISC/PIL"
"800","KL/MISC/PIL/SCI"
"801","KL/MISC/SCI/Yang Ming/Zim"
"802","KL/MOL"
"803","KL/MOL/NYK"
"804","KL/MOL/NYK/COSCO"
"805","KL/MOL/NYK/OOCL"
"806","KL/MOL/NYK/PONL/COSCO"
"807","KL/MOL/NYK/Yang Ming"
"808","KL/MOL/PIL(Wallem)"
"809","KL/MOL/PIL(Wallem)/Wan Hai"
"810","KL/MOL/PONL"
"811","KL/NYK"
"812","KL/PIL"
"813","KL/PIL(Mariana)/SCI/Wan Hai"
"814","KL/PIL(Wallem)/SCI/Wan Hai"
"815","KL/PIL/SCI"
"816","KL/PIL/SCI/Wan Hai"
"817","KL/PIL/Wan Hai"
"818","KL/RCL(Mitsui-Soko)"
"819","KL/SITC"
"820","KL/SITC Lines(SITC Japan)"
"821","KL/TSK"
"822","KL/Wan Hai"
"823","KL/Yang Ming"
"824","KMTC"
"825","KMTC(CMC)"
"826","KMTC(CMC)/Sinotrans"
"827","KMTC(CMC)/STX Pan Ocean(Sigma)"
"828","KMTC(CMC)/T.S. Lines"
"829","KMTC/Cheng Lie(Chuwa)"
"830","KMTC/Heung-A(San Ei)/Nam Sung/Sinokor"
"831","KMTC/Heung-A/Nam Sung/Sinokor"
"832","KMTC/Nam Sung"
"833","KMTC/Nam Sung/PanCon(Asia Cargo)"
"834","KMTC/Sinokor"
"835","KMTC/Sinokor/T.S. Lines"
"836","KMTC/Sinotrans"
"837","KMTC/SITC"
"838","KMTC/STX Pan Ocean"
"839","KMTC/T.S. Lines"
"840","KMTC/T.S. Lines/Yang Ming"
"841","KMTC/Yang Ming"
"842","Konoike"
"843","Konoike Line"
"844","KSK Lines"
"845","Kyowa"
"846","Kyowa(/MOL/NYK)"
"847","Kyowa/MOL/NYK"
"848","Kyowa/MOL/NYK/CNCO"
"849","Kyowa/NYK"
"850","Kyowa/NYK Bulk"
"851","LauritzenCool"
"852","LT/CMA-CGM"
"853","LT/Zim"
"854","Lufeng Shipping(Azuma Kaiun)"
"855","Lykes"
"856","Lykes/SYMS"
"857","Lykes/TMM"
"858","Maersk"
"859","Maersk Sealand"
"860","Maersk Sealand/MSC"
"861","Maersk Sealand/MSC/Safmarine"
"862","Maersk Sealand/Safmarine"
"863","Maersk/MISC"
"864","Maersk/MOL/MSC"
"865","Maersk/MSC"
"866","Maersk/MSC/ONE"
"867","Maersk/MSC/Zim"
"868","Maersk/Safmarine"
"869","Magistal Container Line(Sanyo Maritime)"
"870","Magistral Container Line(Sanyo Maritime)"
"871","Malasa Shipping(Nissin)"
"872","Mariana"
"873","Mariana/PIL"
"874","Mariana/PIL(Mariana)"
"875","Maruba(NMC)"
"876","Maruni Line"
"877","MCC Transport"
"878","MCC Transport/NYK"
"879","MCC Transport/OOCL"
"880","MCC Transport/RCL"
"881","MCC Transport/T.S. Lines/Yang Ming"
"882","MFS"
"883","MFS(Nissin)"
"884","Minsheng Shipping(Mitsui-Soko)"
"885","MISC"
"886","MISC/MOL/NYK/OOCL/PIL"
"887","MISC/MOL/OOCL/PIL"
"888","MISC/OOCL/Simatech"
"889","MISC/PIL"
"890","MISC/Simatech"
"891","MO Kinkai"
"892","MOL"
"893","MOL Drybulk"
"894","MOL/NYK/OOCL/PIL"
"895","MOL/NYK/OOCL/PIL(Wallem)"
"896","MOL/NYK/RCL/X-press Feeders"
"897","MOL/OOCL/PIL"
"898","MOL/OOCL/PIL(Wallem)"
"899","MOL/OOCL/PIL/Yang Ming"
"900","MOL/OOCL/Samudera"
"901","MOL/PIL"
"902","MOL/PIL(Wallem)"
"903","MOL/PONL"
"904","MOL/RCL"
"905","MOL/RCL(Mitsui-Soko)"
"906","MOL/RCL(Mitsui-Soko)/SITC Lines(SITC Japan)"
"907","MOL/Samudera"
"908","MOL/SEACON"
"909","MOL/SITC Lines(SITC Japan)"
"910","MOL/Wan Hai"
"911","MSC"
"912","MSC/[Norasia/CSAV]"
"913","MSC/ONE"
"914","MSC/Zim"
"915","Nagato/Nagato(Naigai)"
"916","Nam Sung"
"917","Nam Sung(Navix Namsung)"
"918","Nam Sung/Pan Ocean/Sinokor"
"919","Nam Sung/Sinokor"
"920","Nam Sung/Sinokor/STX Pan Ocean"
"921","New Golden Sea Shipping/Samudera/X-press Feeders"
"922","New Guinea Pacific Line(Senwa)"
"923","Nile Dutch"
"924","NileDutch"
"925","NileDutch(Pegasus)"
"926","NileDutch(Pegasus)/NYK"
"927","NileDutch/PIL(Mariana)"
"928","NileDutch/PIL(Wallem)"
"929","Ningbo Ocean Shipping(Nitto)"
"930","Ningbo Ocean(Nitto)"
"931","Norasia(Wallem)"
"932","Norasia/Wan Hai"
"933","NS United"
"934","NYK"
"935","NYK/OOCL"
"936","NYK/OOCL/SEACON"
"937","NYK/RCL"
"938","NYK/RCL(Mitsui-Soko)"
"939","NYK/RCL(Mitsui-Soko)/Samudera"
"940","NYK/Samudera"
"941","NYK/SEACON"
"942","NYK/SEACON/T.S. Lines"
"943","NYK/X-press Feeders"
"944","ONE"
"945","ONE/MSC"
"946","ONE/OOCL/Yang Ming"
"947","ONE/RCL"
"948","ONE/RCL/X-press Feeders"
"949","ONE/Samudera"
"950","ONE/SEACON/X-press Feeders"
"951","ONE/X-press Feeders"
"952","ONE/Yang Ming"
"953","Onto Shipping(Mitsui-Soko)"
"954","Onto(Mitsui-Soko)"
"955","Onto(Mitsui-Soko)/TMSC(Tenjin)"
"956","OOCL"
"957","OOCL/PIL"
"958","OOCL/RCL"
"959","OOCL/RCL(Mitsui-Soko)"
"960","OOCL/RCL/Yang Ming"
"961","OOCL/SEACON"
"962","OOCL/SEACON/XCL"
"963","OOCL/TSK"
"964","OOCL/Wan Hai"
"965","OOCL/Yang Ming"
"966","OOCL/Zim"
"967","Orient Ferry(Kanko Kisen)"
"968","Pan Continental(MOL Japan)"
"969","Pan Ocean"
"970","Pan World"
"971","PanCon(Asia Cargo)"
"972","PanCon(MOL Japan)"
"973","Panstar(Sanstar)"
"974","PIL"
"975","PIL(Mariana)"
"976","PIL(Mariana)/Wan Hai"
"977","PIL(Mariana)/Yang Ming"
"978","PIL(Wallem)"
"979","PIL(Wallem)/Wan Hai"
"980","PIL/KL"
"981","PIL/MOL/PONL"
"982","PIL/Wan Hai"
"983","PIL/Wan Hai/Yang Ming"
"984","PIL/Yang Ming"
"985","PNSC(Global Maritime)"
"986","PNSC(NMC)"
"987","PONL"
"988","PONL/TSK"
"989","PRO Line(Nissin)"
"990","Project Asia Service(HESCO)"
"991","Puhai"
"992","Puhai(CSCL)"
"993","Pukwan Ferry(Sankyu Inc)"
"994","Qingdao Marine(Sumitomo)"
"995","RCL"
"996","RCL(Mitsui-Soko)"
"997","RCL(Mitsui-Soko)/Samudera/TSK"
"998","RCL(Mitsui-Soko)/SEACON/Wan Hai"
"999","RCL(Mitsui-Soko)/Simatech"
"1000","RCL(Mitsui-Soko)/STX Pan Ocean"
"1001","RCL(Mitsui-Soko)/TSK"
"1002","RCL/Samudera/TSK"
"1003","RCL/SEACON/Wan Hai"
"1004","RCL/TSK"
"1005","RCL/Wan Hai"
"1006","RCL/Yang Ming"
"1007","Rickmers-Line"
"1008","Rickmers-Linie"
"1009","Rickmers-Linie(Japan Heavy Lift)"
"1010","Rizhao Haitong Ferry(Senwa Maritime)"
"1011","RKK Line/MOL"
"1012","RO RO Line(Ben)"
"1013","Samudera"
"1014","Samudera/STX Pan Ocean(Sigma)/T.S. Lines"
"1015","Sanstar"
"1016","Seaboard(Aall)"
"1017","Seaboard(Wil Aall)"
"1018","Seaboard(Wil Ships)"
"1019","SEACON"
"1020","SEACON/Wan Hai"
"1021","SEACON/X-press Feeders"
"1022","Sealand Asia"
"1023","Sealand Asia/T.S. Lines/Yang Ming"
"1024","SEALS"
"1025","Senator"
"1026","SEVEN SEALS"
"1027","Shanghai Ferry"
"1028","Shanghai Hai Hua Shipping(Seven Seas Agencies)"
"1029","Shanghai Hai Hua Shipping(Seven Seas)"
"1030","Shanghai Jin Jiang Shipping(Jin Jiang Shipping)"
"1031","Shanghai Shimonoseki Ferry(Kanko Kisen)"
"1032","Shanghai Shimonoseki Ferry(Kanko Kisen)/Orient Ferry(Kanko Kisen)"
"1033","Shanghai Super Express"
"1034","Shinwa"
"1035","Simatech"
"1036","Sinokor"
"1037","Sinokor(Seihon Shipping)"
"1038","Sinokor/Heung-A"
"1039","Sinotrans"
"1040","Sinotrans Container Lines(Sinotrans Japan)"
"1041","Sinotrans Container Lines(Sinotrans Japan)/SITC"
"1042","Sinotrans Container Lines(Sinotrans Japan)/SITC Lines(SITC Japan)"
"1043","Sinotrans Container Lines(Sinotrans Japan)/Winland Shipping"
"1044","Sinotrans Jiangsu Company(Sinotrans Japan)"
"1045","Sinotrans/SITC"
"1046","Sinotrans/Wan Hai"
"1047","Sinotrans/Winland"
"1048","Sinotrans/Yang Ming"
"1049","SITC"
"1050","SITC Lines(SITC Japan)"
"1051","SJSCO(Jin Jiang Shipping)"
"1052","SM Line"
"1053","SML Line"
"1054","Spliethoff's(TDS Shipping)"
"1055","Spliethoff's(Wallem)"
"1056","Spliethoff’s(TDS Shipping)"
"1057","STX Pan Ocean"
"1058","STX Pan Ocean(Senwa)"
"1059","STX Pan Ocean(Sigma)"
"1060","STX Pan Ocean(Sigma)/T.S. Lines(Ben)"
"1061","STX Pan Ocean/T.S. Lines(Ben)"
"1062","Suzhou Shimonoseki Ferry(Kanko Kisen)"
"1063","Swire Shipping Line(Senwa)"
"1064","Swire(Ben)"
"1065","Swire(Hesco)"
"1066","SYMS"
"1067","SYMS(Sankyu Shipping)"
"1068","SYMS/Yang Ming"
"1069","T.J.Marine(Toko Kaiun)"
"1070","T.S. Lines"
"1071","T.S. Lines(Ben)"
"1072","T.S. Lines(Ben)/Yang Ming"
"1073","T.S. Lines/Yang Ming"
"1074","Tai Young(Daiei Shipping)"
"1075","Tasman Orient(Hesco)"
"1076","Tasman Orient(HESCO)"
"1077","TBS Pacific"
"1078","TBS Pacific(Heisei)"
"1079","TCC"
"1080","TCLC(Sankyu)"
"1081","Tianjin Marine Shipping Co. (Tenjin Shipping)"
"1082","TIFECO(China Express Line)"
"1083","TMN(ECL)"
"1084","TMN(Ocean Traffic)"
"1085","TMN(YCS)"
"1086","TMSC(Tenjin)"
"1087","Toko"
"1088","TSK"
"1089","Turkon Container Line(Nissin)"
"1090","UASC"
"1091","UASC(Summit)"
"1092","US Lines"
"1093","Wallenius Wilhelmsen"
"1094","Wan Hai"
"1095","Wan Hai/Evergreen"
"1096","Wan Hai/Yang Ming"
"1097","WDIS(Nissin)"
"1098","Westwind(Shuwa)"
"1099","Westwood(Senwa Maritime)"
"1100","Westwood(Wallem)"
"1101","Winland"
"1102","Winland Shipping"
"1103","X-press Feeders"
"1104","Yang Ming"
"1105","Yanghai Shipping(Aoi)"
"1106","ZEAMARINE"
"1107","Zim"
"1108","Zim(SSJ)"
"1109","Zuiyo"
